Workbook

Sheet constructions
D1: base stats | L1: already paid | M1: actual stats
A2: Structure | B2: Include | C2: Requirements | D2: bread | E2: wood | F2: stone | G2: iron | H2: days | I2: hours | J2: minutes | K2: time (h) | L2: time left (h) | M2: bread | N2: wood | O2: stone | P2: iron | Q2: time (h)
A3: TC 25 | B3: Y | D3: 81000000 | E3: 81000000 | F3: 16000000 | G3: 3000000 | H3: 18 | I3: 8 | J3: 22 | K3: =J3/60+I3+H3*24 -> 440.36667 | L3: 164 | M3: =IF($L3="",D3*(1-'cost saving'!$B$4),0) -> 0 | N3: =IF($L3="",E3*(1-'cost saving'!$B$4),0) -> 0 | O3: =IF($L3="",F3*(1-'cost saving'!$B$4),0) -> 0 | P3: =IF($L3="",G3*(1-'cost saving'!$B$4),0) -> 0 | Q3: =IF(L3="",K3*(1-$B$9),L3) -> 164
A4: TC 26 | B4: Y | C4: Embassy 25, Range 25 | D4: 100000000 | E4: 100000000 | F4: 21000000 | G4: 4000000 | H4: 21 | I4: 2 | J4: 26 | K4: =J4/60+I4+H4*24 -> 506.43333 | M4: =IF($L4="",D4*(1-'cost saving'!$B$4),0) -> 88000000 | N4: =IF($L4="",E4*(1-'cost saving'!$B$4),0) -> 88000000 | O4: =IF($L4="",F4*(1-'cost saving'!$B$4),0) -> 18480000 | P4: =IF($L4="",G4*(1-'cost saving'!$B$4),0) -> 3520000 | Q4: =IF(L4="",K4*(1-'time saving'!$B$9),L4) -> 212.702
A5: Embassy 25 | B5: Y | C5: TC 24 | D5: 16000000 | E5: 16000000 | F5: 3200000 | G5: 810000 | H5: 12 | I5: 2 | J5: 38 | K5: =J5/60+I5+H5*24 -> 290.63333 | M5: =IF($L5="",D5*(1-'cost saving'!$B$4),0) -> 14080000 | N5: =IF($L5="",E5*(1-'cost saving'!$B$4),0) -> 14080000 | O5: =IF($L5="",F5*(1-'cost saving'!$B$4),0) -> 2816000 | P5: =IF($L5="",G5*(1-'cost saving'!$B$4),0) -> 712800 | Q5: =IF(L5="",K5*(1-'time saving'!$B$9),L5) -> 122.066
A6: Range 25 | B6: Y | C6: TC 25 | D6: 28000000 | E6: 28000000 | F6: 5700000 | G6: 1400000 | H6: 2 | I6: 18 | J6: 3 | K6: =J6/60+I6+H6*24 -> 66.05 | M6: =IF($L6="",D6*(1-'cost saving'!$B$4),0) -> 24640000 | N6: =IF($L6="",E6*(1-'cost saving'!$B$4),0) -> 24640000 | O6: =IF($L6="",F6*(1-'cost saving'!$B$4),0) -> 5016000 | P6: =IF($L6="",G6*(1-'cost saving'!$B$4),0) -> 1232000 | Q6: =IF(L6="",K6*(1-'time saving'!$B$9),L6) -> 27.741
A7: Range 26 | B7: Y | C7: TC 26 | D7: 36000000 | E7: 36000000 | F7: 7300000 | G7: 1800000 | H7: 3 | I7: 3 | J7: 57 | K7: =J7/60+I7+H7*24 -> 75.95 | M7: =IF($L7="",D7*(1-'cost saving'!$B$4),0) -> 31680000 | N7: =IF($L7="",E7*(1-'cost saving'!$B$4),0) -> 31680000 | O7: =IF($L7="",F7*(1-'cost saving'!$B$4),0) -> 6424000 | P7: =IF($L7="",G7*(1-'cost saving'!$B$4),0) -> 1584000 | Q7: =IF(L7="",K7*(1-'time saving'!$B$9),L7) -> 31.899
A8: Stable 25 | B8: Y | C8: TC 25 | D8: 28000000 | E8: 28000000 | F8: 5700000 | G8: 1400000 | H8: 2 | I8: 18 | J8: 3 | K8: =J8/60+I8+H8*24 -> 66.05 | M8: =IF($L8="",D8*(1-'cost saving'!$B$4),0) -> 24640000 | N8: =IF($L8="",E8*(1-'cost saving'!$B$4),0) -> 24640000 | O8: =IF($L8="",F8*(1-'cost saving'!$B$4),0) -> 5016000 | P8: =IF($L8="",G8*(1-'cost saving'!$B$4),0) -> 1232000 | Q8: =IF(L8="",K8*(1-'time saving'!$B$9),L8) -> 27.741
A9: Stable 26 | B9: Y | C9: TC 26 | D9: 36000000 | E9: 36000000 | F9: 7300000 | G9: 1800000 | H9: 3 | I9: 3 | J9: 57 | K9: =J9/60+I9+H9*24 -> 75.95 | M9: =IF($L9="",D9*(1-'cost saving'!$B$4),0) -> 31680000 | N9: =IF($L9="",E9*(1-'cost saving'!$B$4),0) -> 31680000 | O9: =IF($L9="",F9*(1-'cost saving'!$B$4),0) -> 6424000 | P9: =IF($L9="",G9*(1-'cost saving'!$B$4),0) -> 1584000 | Q9: =IF(L9="",K9*(1-'time saving'!$B$9),L9) -> 31.899
A10: Infantry 25 | B10: Y | C10: TC 25 | D10: 28000000 | E10: 28000000 | F10: 5700000 | G10: 1400000 | H10: 2 | I10: 18 | J10: 3 | K10: =J10/60+I10+H10*24 -> 66.05 | M10: =IF($L10="",D10*(1-'cost saving'!$B$4),0) -> 24640000 | N10: =IF($L10="",E10*(1-'cost saving'!$B$4),0) -> 24640000 | O10: =IF($L10="",F10*(1-'cost saving'!$B$4),0) -> 5016000 | P10: =IF($L10="",G10*(1-'cost saving'!$B$4),0) -> 1232000 | Q10: =IF(L10="",K10*(1-'time saving'!$B$9),L10) -> 27.741
A11: Infantry 26 | B11: Y | C11: TC 26 | D11: 36000000 | E11: 36000000 | F11: 7300000 | G11: 1800000 | H11: 3 | I11: 3 | J11: 57 | K11: =J11/60+I11+H11*24 -> 75.95 | M11: =IF($L11="",D11*(1-'cost saving'!$B$4),0) -> 31680000 | N11: =IF($L11="",E11*(1-'cost saving'!$B$4),0) -> 31680000 | O11: =IF($L11="",F11*(1-'cost saving'!$B$4),0) -> 6424000 | P11: =IF($L11="",G11*(1-'cost saving'!$B$4),0) -> 1584000 | Q11: =IF(L11="",K11*(1-'time saving'!$B$9),L11) -> 31.899
M12: =SUMIFS(M$3:M$11,$B$3:$B$11,"Y") -> 271040000 | N12: =SUMIFS(N$3:N$11,$B$3:$B$11,"Y") -> 271040000 | O12: =SUMIFS(O$3:O$11,$B$3:$B$11,"Y") -> 55616000 | P12: =SUMIFS(P$3:P$11,$B$3:$B$11,"Y") -> 12680800 | Q12: =SUMIFS(Q$3:Q$11,$B$3:$B$11,"Y") -> 677.688
B14: ^ Y to include this structure in the calculation | L14: ^ if you already started construction, set here the hours left

Sheet time saving
A1: time saving | B1: % | C1: Active
A2: Double time | B2: 0.2 | C2: Y
A3: VIP 4 | B3: 0.1 | C3: Y
A4: Island construction speedup | B4: 0.06 | C4: Y
A5: Saul passive | B5: 0.12 | C5: Y
A6: island - halo of valor | B6: 0.04 | C6: Y
A7: island - construction gut | B7: 0.06 | C7: Y
A9: Total | B9: =SUMIFS(B2:B8,C2:C8,"Y") -> 0.58
C11: ^ Y to include this structure in the calculation

Sheet cost saving
A1: construction costs reduction | B1: % | C1: Active
A2: Saul passive | B2: 0.12 | C2: Y
A4: Total | B4: =SUMIFS(B2:B3,C2:C3,"Y") -> 0.12
C6: ^ Y to include this structure in the calculation
